,"('GLD', 'open')","('GLD', 'high')","('GLD', 'low')","('GLD', 'close')","('GLD', 'volume')",Close
2017-05-18,119.77,119.84,118.56,118.82,8196025,1825.5495197132664
2017-05-19,119.39,119.545,118.88,119.41,5632797,1926.2015095676825
2017-05-22,119.63,120.14,119.58,119.8953,3981207,2110.9065907473355
2017-05-23,120.13,120.19,118.9841,119.11,5993930,2192.909826964676
2017-05-24,119.07,119.7425,118.915,119.63,5680756,2367.3512342216027
2017-05-25,119.52,119.695,119.29,119.5,3103635,2555.5144815588087
2017-05-26,120.49,120.79,120.33,120.55,5243931,2384.622114445222
2017-05-30,120.24,120.33,119.95,120.15,3515511,2273.5866904422264
2017-05-31,120.31,121.23,120.26,120.62,7322702,2253.686263121067
2017-06-01,120.17,120.74,120.06,120.66,5770680,2389.872342657344
2017-06-02,121.31,121.71,121.19,121.61,5556753,2429.3910122038765
2017-06-05,121.91,121.94,121.58,121.73,2902974,2602.2055007256954
2017-06-06,123.09,123.31,122.77,123.11,7797844,2835.092842178768
2017-06-07,122.79,123.16,122.015,122.46,6719006,2814.690801418441
2017-06-08,122.07,122.07,120.95,121.65,6733460,2753.428592436983
2017-06-09,120.45,120.91,120.4,120.56,6081994,2824.0709188801134
2017-06-12,120.33,120.685,120.265,120.34,4168566,2798.617826398856
2017-06-13,119.95,120.71,119.92,120.5,3176736,2715.9303538570493
2017-06-14,121.52,121.88,119.57,119.85,16762765,2651.497856635919
2017-06-15,119.22,119.5,119.1275,119.32,5442718,2356.0800488826803
2017-06-16,119.35,119.5,119.24,119.31,3540899,2451.4944508670533
2017-06-19,118.74,118.84,118.33,118.41,5439256,2558.2808619430243
2017-06-20,118.42,118.46,118.07,118.19,3419208,2661.645126582277
2017-06-21,118.15,118.66,118.15,118.54,3534885,2711.941942090399
2017-06-22,119.13,119.1978,118.6,118.92,5045674,2681.07608758076
2017-06-23,119.65,119.66,119.31,119.44,6557565,2718.1027838033283
2017-06-26,118.29,118.535,118.17,118.36,5093456,2463.4198645759097
2017-06-27,118.87,119.05,118.481,118.79,4165162,2407.07438434164
2017-06-28,119.06,119.06,118.685,118.91,3210870,2534.0378627591103
2017-06-29,117.97,118.64,117.91,118.32,6396279,2558.6512444771747
2017-06-30,118.08,118.41,117.95,118.03,6001874,2523.761556671455
2017-07-03,116.54,116.85,115.94,116.04,10277775,2524.9089801907576
2017-07-05,115.91,116.67,115.87,116.54,5597580,2569.8523254139723
2017-07-06,116.58,116.61,116.24,116.46,3636083,2593.6197291021704
2017-07-07,115.78,115.79,114.8,115.27,9410562,2541.820538348087
2017-07-10,115.02,115.57,114.83,115.46,3970235,2451.24397913562
2017-07-11,115.26,115.77,114.88,115.64,4087140,2339.656065688327
2017-07-12,116.21,116.33,115.87,116.01,3578961,2344.349150141647
2017-07-13,116.04,116.04,115.67,115.82,3624459,2370.49952415813
2017-07-14,117.04,117.25,116.64,116.78,4059340,2277.5890711175684
2017-07-17,117.42,117.53,117.23,117.29,4097740,2057.3082807017595
2017-07-18,117.99,118.33,117.88,118.09,5886271,2280.8427851644533
2017-07-19,118.18,118.27,117.8363,118.05,2450127,2311.477210451977
2017-07-20,117.92,118.62,117.66,118.25,4775127,2497.806585190505
2017-07-21,119.0,119.39,118.751,119.25,8041340,2719.0320971147053
2017-07-24,119.52,119.5762,119.18,119.33,3022444,2753.689992690065
2017-07-25,118.99,119.32,118.79,118.92,4756182,2619.4033791606425
2017-07-26,118.57,120.15,118.55,119.9,6912324,2498.869391365893
2017-07-27,120.1,120.14,119.28,119.81,5206957,2569.933053545587
2017-07-28,120.15,120.8558,120.14,120.7,5868335,2737.928370264477
2017-07-31,120.5,120.805,120.45,120.73,3145984,2761.777955223876
2017-08-01,120.44,121.14,120.44,120.64,5511369,2766.060429948109
2017-08-02,120.51,121.02,120.34,120.42,4736132,2713.830417566598
2017-08-03,120.31,120.83,120.31,120.59,3301218,2744.010665680483
2017-08-04,119.97,120.039,119.2201,119.65,6234518,2828.8835143288097
2017-08-07,119.44,119.79,119.43,119.51,2274122,3310.928714596962
2017-08-08,120.02,120.12,118.97,119.88,5887434,3416.080875350135
2017-08-09,121.02,121.55,120.76,121.3,7330861,3340.506430594911
2017-08-10,122.08,122.44,122.03,122.23,7670162,3392.9317167381946
2017-08-11,122.24,122.83,122.03,122.78,6246531,3504.2765884861483
2017-08-14,121.98,122.24,121.6845,121.89,4065078,4171.049693513901
2017-08-15,120.6,121.2299,120.5828,120.97,4934039,4167.271794692747
2017-08-16,120.67,122.06,120.66,121.85,6494404,4167.727443181816
2017-08-17,122.29,122.6099,121.76,122.51,6351738,4346.486339222618
2017-08-18,123.36,123.54,122.0,122.27,11628518,4227.788487394969
2017-08-21,122.54,122.981,122.5,122.77,4573436,4021.363997082423
2017-08-22,122.56,122.56,121.85,122.21,4272199,3921.97564944134
2017-08-23,122.58,122.69,122.31,122.66,2859023,4142.045368938866
2017-08-24,122.39,122.64,122.13,122.27,2914808,4180.726488011292
2017-08-25,122.77,123.02,121.29,122.745,11195955,4356.784354609941
2017-08-28,123.33,124.73,123.33,124.68,8912827,4304.878294075677
2017-08-29,125.81,125.87,124.0545,124.42,8496223,4465.117163969044
2017-08-30,124.33,124.62,124.16,124.3492,4974213,4575.672056338037
2017-08-31,124.58,125.84,124.55,125.84,9150243,4670.353321529755
2017-09-01,126.01,126.17,125.12,126.06,8334772,4801.956576011163
2017-09-05,126.65,127.78,126.57,127.46,8791531,4252.3460250173775
2017-09-06,127.34,127.44,126.55,126.82,6829598,4528.764399441346
2017-09-07,127.57,128.32,127.39,128.14,7390006,4584.511490857959
2017-09-08,128.2,128.3,127.59,127.98,6040239,4478.341214953271
2017-09-11,126.74,126.94,126.045,126.17,6213219,4210.23134453782
2017-09-12,126.03,126.59,125.94,126.55,5560218,4252.994787234042
2017-09-13,126.4,126.45,125.5,125.6,5619723,3932.973356692366
2017-09-14,125.66,126.44,125.62,126.16,3755010,3622.5933006306914
2017-09-15,125.99,125.99,125.41,125.52,5463765,3409.224207232261
2017-09-18,124.71,124.76,123.965,124.35,6857926,3940.996519916149
2017-09-19,124.49,124.65,124.03,124.59,4122598,3962.772829131652
2017-09-20,124.68,125.0599,123.15,123.6,9968456,3937.585712230216
2017-09-21,122.57,123.07,122.49,122.67,6735925,3789.237372942016
2017-09-22,123.03,123.39,122.9348,123.24,4659985,3626.1703952011303
2017-09-25,122.78,124.66,122.71,124.54,8965635,3822.1701005025047
2017-09-26,123.57,123.81,122.9,123.13,6830345,3914.772109764792
2017-09-27,122.04,122.51,121.88,121.99,5582835,4037.329766784446
2017-09-28,122.04,122.475,121.83,122.23,4713866,4188.537876857742
2017-09-29,122.29,122.3,121.55,121.601,6714751,4144.9113960114055
2017-10-02,121.17,121.34,120.74,120.76,8597785,4395.775195369032
2017-10-03,120.72,121.1,120.7041,120.84,2870112,4310.175648745532
2017-10-04,121.21,121.27,120.7101,121.17,5185478,4248.14967225055
2017-10-05,121.15,121.24,120.395,120.51,4958899,4256.913988397398
2017-10-06,120.26,121.21,119.7835,121.11,7703241,4359.940316176475
2017-10-09,121.64,122.11,121.551,122.07,3863301,4644.426512455513
2017-10-10,122.61,122.97,122.36,122.39,5828818,4811.997132667621
2017-10-11,122.57,122.88,122.03,122.8,4731225,4787.976265320845
2017-10-12,122.84,123.035,122.5,122.885,2559270,5116.922075736328
2017-10-13,123.66,123.86,123.34,123.84,5326268,5618.319819318966
2017-10-16,123.82,123.97,122.57,122.98,6970391,5673.640113798009
2017-10-17,122.02,122.32,121.73,122.13,5293645,5624.803520227109
2017-10-18,121.71,121.94,121.55,121.66,3004194,5401.969064898817
2017-10-19,122.2,122.55,122.111,122.38,4433616,5654.081833568413
2017-10-20,121.68,121.98,121.39,121.601,5808931,5790.207616361079
2017-10-23,120.98,121.9,120.96,121.81,4305379,5867.216531627576
2017-10-24,121.26,121.71,120.98,121.33,4059885,5659.463389238304
2017-10-25,121.31,121.5899,120.84,121.34,3536592,5547.894570230612
2017-10-26,121.16,121.16,120.22,120.33,5119489,5827.555448129863
2017-10-27,120.38,120.99,120.21,120.89,5069164,5821.23064584812
2017-10-30,120.93,121.47,120.8,121.13,3840455,6122.396163610732
2017-10-31,120.82,120.84,120.38,120.68,2836820,6241.88095774648
2017-11-01,120.98,121.55,120.835,121.11,3789409,6503.334895104899
2017-11-02,121.29,121.96,121.05,121.2,4476770,6952.793470383285
2017-11-03,121.36,121.43,120.1844,120.63,4545275,7240.684188153317
2017-11-06,120.72,121.85,120.68,121.65,5425015,7228.078117154808
2017-11-07,121.51,121.56,120.78,121.2,3592619,7102.876098748263
2017-11-08,121.94,122.25,121.59,121.64,4574706,7386.538886569248
2017-11-09,121.85,122.41,121.73,122.14,4822491,7244.327472222225
2017-11-10,121.99,122.11,120.935,121.14,6080129,6960.260097765367
2017-11-13,121.43,121.55,121.27,121.32,4735666,6347.41558803062
2017-11-14,120.9,121.91,120.77,121.57,5106337,6590.334569629115
2017-11-15,122.13,122.36,121.25,121.41,3744598,7047.241583742112
2017-11-16,121.45,121.71,121.29,121.4,2219847,7462.372382290935
2017-11-17,122.17,123.17,121.95,122.85,8455905,7827.237773138492
2017-11-20,122.3,122.41,121.04,121.3,6547997,8090.914324702599
2017-11-21,121.67,122.0,121.5,121.53,3545103,8157.685722222237
2017-11-22,122.26,122.95,122.17,122.63,4139780,8195.136783461823
2017-11-24,122.36,122.61,122.22,122.32,1241715,8168.268290300076
2017-11-27,123.26,123.33,122.67,122.85,4071623,9556.814923611137
2017-11-28,123.05,123.17,122.53,122.8,5044658,9833.134767199466
2017-11-29,122.24,122.33,121.74,122.05,4909914,10418.194439655172
2017-11-30,121.44,121.695,120.64,121.08,6637180,9888.908548611136
2017-12-01,120.94,122.43,120.74,121.59,11759744,10195.169193884652
2017-12-04,121.15,121.2,120.84,121.18,4743974,11346.535726198766
2017-12-05,120.44,120.505,119.72,120.3,7642020,11655.62583157897
2017-12-06,120.03,120.44,119.87,120.07,3929924,12580.533465277796
2017-12-07,119.01,119.24,118.1,118.51,9551737,14778.20741666666
2017-12-08,118.63,118.92,118.33,118.49,4375401,15432.868875000007
2017-12-11,118.37,118.54,117.8,118.02,3866157,16202.50012500004
2017-12-12,117.73,118.17,117.4,118.15,5690336,16731.40944367175
2017-12-13,118.19,119.35,118.01,119.17,8339413,16540.327312500034
2017-12-14,119.1,119.285,118.705,118.94,4710921,16340.604209416715
2017-12-15,119.41,119.5,118.97,119.19,5740030,17363.83694347521
2017-12-18,119.63,119.99,119.6,119.74,4184945,18720.01349999997
2017-12-19,119.67,119.9,119.53,119.82,3284274,18320.99682418341
2017-12-20,119.98,120.36,119.81,120.14,4196778,16834.521375000026
2017-12-21,120.07,120.45,120.0,120.32,3737348,16221.424986111117
2017-12-22,120.67,121.14,120.57,120.95,4640317,13758.08390909089
2017-12-26,121.55,121.87,121.51,121.78,6062943,15243.615263888882
2017-12-27,122.0,122.34,121.875,122.24,4340080,15581.444701388851
2017-12-28,122.82,122.92,122.56,122.84,4187044,14248.632048611133
2017-12-29,123.7,124.085,123.46,123.67,6160024,14534.974930555549
2018-01-02,124.66,125.18,124.39,125.15,8614476,13879.358895833342
2018-01-03,125.05,125.09,124.101,124.82,6560215,14963.699340277786
2018-01-04,124.89,125.85,124.74,125.46,5822239,14818.780319444424
2018-01-05,124.93,125.48,124.83,125.32,4582048,15792.452506944404
2018-01-08,125.2,125.32,124.9,125.31,2744331,15300.74915277776
2018-01-09,124.49,124.86,124.23,124.71,6955358,14868.201201388889
2018-01-10,125.17,125.31,124.72,125.0239,9009832,14194.688409722214
2018-01-11,125.37,125.66,125.25,125.44,4251344,13697.191066945616
2018-01-12,126.01,127.13,125.81,126.975,7474319,13659.293321678326
2018-01-16,126.6,127.18,126.4,127.17,6614262,12164.619152777768
2018-01-17,126.77,127.22,125.9,126.14,8772608,10680.231659722216
2018-01-18,126.13,126.52,125.8,125.85,5280076,11495.746736111108
2018-01-19,126.57,126.73,126.415,126.43,5304133,11513.536416666664
2018-01-22,126.51,126.75,126.28,126.65,4157474,11130.24243562978
2018-01-23,126.53,127.35,126.34,127.25,4884868,10724.692098679652
2018-01-24,128.39,129.265,128.2338,128.84,9243968,11008.973177700362
2018-01-25,128.69,129.515,127.36,127.92,12145126,11300.6694714882
2018-01-26,128.24,128.52,127.97,128.06,6616384,11009.798190076872
2018-01-29,127.58,127.63,126.915,127.34,5370049,11284.097649930272
2018-01-30,127.91,127.9167,126.74,126.79,8065959,10626.317227653642
2018-01-31,127.45,127.85,126.4,127.67,10972680,9987.00209722223
2018-02-01,127.18,128.15,127.08,128.07,7065768,9496.480807237327
2018-02-02,126.81,126.85,125.955,126.39,11082857,8558.503076388899
2018-02-05,126.82,127.31,126.44,126.74,9970977,7611.722958333325
2018-02-06,126.54,126.55,125.22,125.39,14828743,6828.462006944439
2018-02-07,125.48,125.77,124.41,124.79,6646442,7914.230382209863
2018-02-08,124.92,125.44,124.51,125.0,6110694,8217.03369853453
2018-02-09,124.65,125.14,124.39,124.75,8333313,8261.507706740798
2018-02-12,125.19,125.82,125.11,125.36,5025295,8624.981591067695
2018-02-13,125.67,126.18,125.52,126.09,4443209,8609.500619345868
2018-02-14,126.47,128.59,126.29,128.25,12549221,9025.976004169588
2018-02-15,128.43,128.569,127.94,128.39,6300173,9803.039104166684
2018-02-16,128.3,128.7,127.5689,127.95,6370175,10026.023748261485
2018-02-20,127.29,127.4,126.04,126.25,7724145,11498.271536856755
2018-02-21,126.36,126.76,125.44,125.67,6760461,10791.702006944444
2018-02-22,125.92,126.37,125.88,126.3,3254194,10272.012329624486
2018-02-23,126.06,126.3,125.85,126.11,2700204,10013.17386379431
2018-02-26,126.45,126.62,126.18,126.45,2713123,9910.981484320584
2018-02-27,126.06,126.15,124.59,125.12,5638644,10552.921983298547
2018-02-28,125.09,125.46,124.81,124.97,3209549,10620.142689895503
2018-03-01,124.15,125.31,123.575,124.73,10623885,10650.593361522222
2018-03-02,125.67,125.69,124.97,125.39,5639558,10980.763948468008
2018-03-05,125.35,125.48,124.96,125.17,2999723,11521.001560975596
2018-03-06,126.2,126.9563,126.13,126.52,5793846,11019.909720279717
2018-03-07,126.22,126.29,125.42,125.7,4339820,10399.438623087646
2018-03-08,125.69,125.7,125.125,125.41,2932541,9705.391458333352
2018-03-09,124.94,125.69,124.78,125.54,3942543,8907.90111188324
2018-03-12,125.04,125.57,124.84,125.54,1837709,9435.382157821236
2018-03-13,125.67,125.99,125.05,125.74,3700836,9155.85911002105
2018-03-14,125.49,125.76,125.34,125.69,2486835,8767.755735191635
2018-03-15,125.12,125.21,124.72,124.87,4160744,8111.283709677437
2018-03-16,124.84,124.87,124.21,124.58,4386938,8315.620800835663
2018-03-19,124.57,125.16,124.42,124.88,3889690,8355.327865090401
2018-03-20,124.41,124.55,123.96,124.29,2738952,8623.222288904393
2018-03-21,125.4,126.76,125.03,126.45,10924788,8983.151140472886
2018-03-22,126.09,126.34,125.64,125.98,4000020,8791.889374560795
2018-03-23,127.82,128.06,127.4054,127.6,9125576,8530.117186629528
2018-03-26,128.05,128.58,128.0107,128.28,5007568,8206.624111888135
2018-03-27,127.23,127.62,127.05,127.51,4498334,7965.610793319432
2018-03-28,126.48,126.61,125.51,125.73,6671135,7916.98763029883
2018-03-29,125.42,125.81,125.31,125.79,4065463,7518.44505211954
2018-04-02,126.65,127.54,126.375,127.27,9204118,6977.98203897008
2018-04-03,126.52,126.59,126.01,126.28,4669005,7325.304333333331
2018-04-04,127.5,127.53,126.32,126.43,3639195,7077.711673611102
2018-04-05,125.45,126.0825,125.425,125.81,3803285,6758.0727348643
2018-04-06,126.57,126.6,126.125,126.41,4808488,6649.686111888122
2018-04-09,126.45,126.86,126.23,126.8,3084953,6891.134498607237
2018-04-10,127.02,127.305,126.67,127.12,4548869,6779.196400277992
2018-04-11,128.09,129.47,127.78,128.11,10087201,6879.982216817247
2018-04-12,127.25,127.34,126.47,126.62,6280803,7336.708215277788
2018-04-13,127.07,127.75,127.03,127.46,5444759,7992.690451388897
2018-04-16,127.74,128.05,127.57,127.63,3041146,8080.020305555557
2018-04-17,127.02,127.78,127.001,127.75,2715484,8036.633618055566
2018-04-18,128.32,128.54,127.751,127.85,4621383,8057.3129930555615
2018-04-19,127.81,127.8839,127.13,127.6,6748782,8213.242849200858
2018-04-20,126.69,126.97,126.55,126.62,6240196,8445.635604166675
2018-04-23,125.62,125.76,125.3412,125.62,4602391,8895.61159248956
2018-04-24,125.78,126.34,125.67,126.23,3540357,9314.519125000024
2018-04-25,125.23,125.51,125.06,125.405,3473856,9221.040361111109
2018-04-26,125.54,125.57,124.69,124.94,5622912,8883.210298611131
2018-04-27,125.2,125.62,125.17,125.49,4468856,9217.02084722222
2018-04-30,124.41,125.2,124.1901,124.6,7334021,9290.616041666668
2018-05-01,123.9,123.9882,123.39,123.7,6298787,8988.595694444466
2018-05-02,123.9,124.54,123.58,123.64,6845935,9112.690618485069
2018-05-03,124.66,124.76,124.24,124.28,3808360,9379.656666666657
2018-05-04,124.1,124.65,124.0,124.55,4994828,9656.508229166666
2018-05-07,124.5,124.7,124.3,124.58,2553767,9344.1005277778
2018-05-08,124.14,124.95,123.79,124.59,4917059,9260.790923611114
2018-05-09,124.45,124.87,124.24,124.34,3529346,9193.189895688482
2018-05-10,125.22,125.3724,124.75,125.17,3845919,9265.751898470113
2018-05-11,125.57,125.59,124.94,125.01,3185633,8701.556430555573
2018-05-14,125.16,125.21,124.44,124.48,3083030,8580.233694891553
2018-05-15,122.82,122.82,122.13,122.49,8161401,8642.09697222224
2018-05-16,122.38,122.61,122.03,122.3,3752596,8282.693219749664
2018-05-17,122.23,122.43,122.04,122.36,4628433,8278.002995135541
2018-05-18,122.05,122.65,122.01,122.4,4512186,8106.670181311033
2018-05-21,122.16,122.53,121.97,122.47,2957374,8455.133695198358
2018-05-22,122.7,122.74,122.34,122.42,2663777,8233.2557916667
2018-05-23,122.14,122.74,122.11,122.55,5434495,7784.575402777791
2018-05-24,123.1,123.82,123.08,123.6,7025331,7538.526891516037
2018-05-25,123.66,123.7,123.21,123.22,3717092,7486.642820334291
2018-05-29,122.84,123.64,122.66,123.21,6811627,7293.893402777787
2018-05-30,123.17,123.61,123.17,123.38,3146780,7432.491090277765
2018-05-31,123.26,123.78,123.1,123.11,5603793,7500.117368055571
2018-06-01,122.59,123.09,122.44,122.51,5980805,7481.294326587604
2018-06-04,122.85,122.93,122.38,122.38,3177053,7575.770119047636
2018-06-05,122.55,123.2257,122.281,122.86,5017029,7491.749234516372
2018-06-06,123.08,123.35,122.63,122.9,3378295,7606.474933705539
2018-06-07,122.96,123.145,122.69,122.87,2498000,7692.623342657363
2018-06-08,123.08,123.12,122.91,123.02,3109418,7629.4082270497565
2018-06-11,123.1,123.42,123.0175,123.22,2661331,6760.714718554554
2018-06-12,122.95,123.18,122.64,122.82,5141712,6754.020848400557
2018-06-13,122.84,123.34,122.47,123.17,4941767,6443.017722222231
2018-06-14,123.63,123.86,123.32,123.39,5765471,6502.8068575419165
2018-06-15,122.18,122.2,120.83,121.31,11430333,6551.018980446916
2018-06-18,121.35,121.44,120.99,121.12,2740883,6523.233642105261
2018-06-19,120.81,121.03,120.581,120.83,3177011,6718.1673263158
2018-06-20,120.79,120.81,120.16,120.27,3254970,6680.250211565586
2018-06-21,119.92,120.32,119.821,120.06,4077994,6736.816926315792
2018-06-22,120.22,120.4,120.1,120.35,2844490,6359.186926286503
2018-06-25,120.0,120.23,119.8299,119.89,4291975,6203.440236768817
2018-06-26,119.28,119.59,119.09,119.29,5870985,6201.924495476686
2018-06-27,118.96,119.05,118.48,118.59,4806887,6096.042561060735
2018-06-28,118.59,118.67,118.01,118.23,6458673,6081.872907949803
2018-06-29,118.43,118.94,118.26,118.65,4435192,5903.817749999997
2018-07-02,118.18,118.21,117.4,117.45,8976796,6453.1498888116885
2018-07-03,118.4,119.08,118.38,118.66,6259523,6596.762625000031
2018-07-05,118.92,119.33,118.77,119.07,4203480,6581.247724425885
2018-07-06,118.97,119.03,118.731,118.86,2431563,6541.856096033405
2018-07-09,119.65,119.73,119.14,119.16,3370007,6705.73146036162
2018-07-10,118.88,119.0,118.61,118.9,3167618,6480.237635605015
2018-07-11,118.45,118.53,117.62,117.65,5514361,6354.387743732591
2018-07-12,118.0,118.2638,117.94,118.11,3328491,6219.142004175372
2018-07-13,117.62,117.75,117.4465,117.59,3716286,6236.775603628785
2018-07-16,117.51,117.625,117.28,117.54,3349718,6521.226309192203
2018-07-17,116.72,116.925,116.12,116.28,6987961,6877.720881944445
2018-07-18,116.03,116.35,115.83,116.28,4163761,7402.712555555563
2018-07-19,115.13,116.47,115.12,115.81,11635756,7390.11466666668
2018-07-20,116.4,116.71,116.24,116.57,5890965,7420.497642559139
2018-07-23,116.25,116.31,115.76,116.01,4106017,7679.785597484293
2018-07-24,116.22,116.43,115.91,116.03,3537742,8071.491902777785
2018-07-25,116.79,116.8366,116.27,116.68,4627275,8253.39627711686
2018-07-26,116.24,116.51,115.77,115.8,4933768,8196.312067039127
2018-07-27,115.92,116.2399,115.77,115.84,4556462,8021.261315240094
2018-07-30,115.8,116.02,115.64,115.65,3107207,8133.612545454568
2018-07-31,115.47,116.35,115.394,115.98,4639493,7914.978093249836
2018-08-01,115.63,115.7,115.125,115.15,7039592,7569.98511111112
2018-08-02,115.17,115.23,114.42,114.51,5356824,7590.204027874581
2018-08-03,115.09,115.53,114.86,114.91,5215890,7394.049603340312
2018-08-06,114.56,114.72,114.31,114.32,4847864,6988.067776223786
2018-08-07,114.85,114.935,114.42,114.59,4235657,6986.506615598909
2018-08-08,114.75,114.95,114.41,114.91,3246815,6444.725208333348
2018-08-09,115.02,115.12,114.69,114.74,3138335,6394.308685674555
2018-08-10,114.81,115.23,114.6076,114.69,6164452,6394.756190807804
2018-08-13,113.81,113.81,112.83,112.98,7634017,6345.148011444932
2018-08-14,113.25,113.48,112.84,113.06,5265403,6055.93001395674
2018-08-15,112.17,112.18,111.06,111.21,9569058,6369.941725105185
2018-08-16,111.46,111.88,111.1,111.11,6173016,6345.205167737333
2018-08-17,111.69,112.15,111.38,112.13,6592114,6466.440156139124
2018-08-20,112.38,112.74,112.16,112.68,4392093,6443.839019466507
2018-08-21,112.77,113.1,112.44,113.02,3859967,6399.665961538479
2018-08-22,113.39,113.49,113.07,113.27,5482321,6578.93065263159
2018-08-23,112.68,112.88,112.06,112.2,4691919,6433.59128985508
2018-08-24,113.25,114.42,113.21,114.14,6970086,6552.552062812305
2018-08-27,114.12,114.78,114.12,114.58,3608255,6713.404940209257
2018-08-28,114.76,114.8666,113.55,113.7,5086606,6988.193763440868
2018-08-29,114.16,114.21,113.85,114.2,3337311,7049.201741007193
2018-08-30,113.92,113.93,113.24,113.63,4618122,6926.345320560059
2018-08-31,113.72,114.06,113.44,113.5,4188993,6979.515892473139
2018-09-04,112.75,113.07,112.61,112.93,5681155,7322.942907063195
2018-09-05,113.36,113.44,113.12,113.31,3246768,7112.407442719887
2018-09-06,113.89,114.26,113.28,113.54,4228185,6421.566614950644
2018-09-07,113.26,113.6,112.97,113.22,3164050,6443.379818445927
2018-09-10,113.26,113.43,113.0,113.155,2034455,6287.451192930781
2018-09-11,112.65,113.37,112.42,113.22,3196619,6289.720114285719
2018-09-12,113.12,114.39,113.055,114.17,5368993,6267.861665433026
2018-09-13,114.72,114.78,113.58,113.76,4408720,6441.617818181825
2018-09-14,113.79,113.9,112.91,113.01,4797014,6500.131865889239
2018-09-17,113.6,114.03,113.55,113.61,3872536,6387.490205371261
2018-09-18,113.79,113.91,113.275,113.43,3875108,6297.308249056616
2018-09-19,113.94,114.15,113.68,113.9,3620375,6336.368052434459
2018-09-20,114.21,114.37,113.855,114.26,3975432,6412.342884333824
2018-09-21,112.8701,113.68,112.79,113.48,5792676,6659.220299572041
2018-09-24,113.68,113.96,113.43,113.47,3727806,6634.44664591439
2018-09-25,113.75,113.885,113.57,113.65,2459060,6412.626680942187
2018-09-26,113.11,113.6,112.66,113.05,7253624,6462.996850220276
2018-09-27,112.1,112.4156,111.8499,112.06,5850575,6521.875486211904
2018-09-28,112.16,113.0,112.07,112.77,5039981,6666.001017441856
2018-10-01,112.4,112.62,112.15,112.57,3261033,6574.212947845811
2018-10-02,113.7,114.33,113.61,113.86,7944950,6540.448741366064
2018-10-03,113.87,114.05,113.26,113.41,5802238,6447.402578524469
2018-10-04,113.83,114.19,113.255,113.48,5849261,6547.158526551972
2018-10-05,113.81,114.1,113.57,113.83,6707890,6544.634546839298
2018-10-08,112.25,112.59,111.9,112.53,10451750,6588.198555643252
2018-10-09,112.37,112.67,111.97,112.62,6011172,6587.047837626855
2018-10-10,112.47,112.96,112.25,112.88,9366720,6515.385291411043
2018-10-11,114.2,116.04,114.09,115.73,22555639,6213.398266475648
2018-10-12,115.58,115.71,115.08,115.24,10359629,6201.330185328173
2018-10-15,116.12,116.53,115.89,115.94,9993011,6375.915151515143
2018-10-16,116.49,116.6,115.82,115.87,7401209,6437.897811550148
2018-10-17,115.89,116.33,115.68,115.76,6265117,6438.395173775681
2018-10-18,115.83,116.41,115.63,115.9,6926505,6425.849136807825
2018-10-19,116.23,116.24,115.96,116.015,6295439,6385.537317487259
2018-10-22,115.57,115.7789,115.43,115.69,4397960,6404.979250996003
2018-10-23,117.16,117.25,116.33,116.37,10692580,6395.231764234161
2018-10-24,116.38,116.72,116.1101,116.64,7532828,6425.475460992908
2018-10-25,116.58,116.73,116.19,116.39,7022619,6400.670389926894
2018-10-26,116.83,117.65,116.46,116.73,13715696,6401.020234657028
2018-10-29,116.41,116.54,115.84,116.3,7370729,6325.243846761466
2018-10-30,115.85,116.04,115.635,115.78,5728555,6264.282793076326
2018-10-31,114.89,115.17,114.66,115.14,8829135,6277.983404423378
2018-11-01,116.33,117.07,116.18,116.66,10781881,6311.7777797356775
2018-11-02,116.61,116.98,116.39,116.65,5395186,6351.691101766193
2018-11-05,116.28,116.67,116.23,116.38,5888515,6404.265751211624
2018-11-06,116.44,116.69,115.74,116.49,6867144,6413.3648218347325
2018-11-07,116.26,116.345,115.9,116.01,7036469,6506.953637759035
2018-11-08,115.77,116.15,115.5,115.77,6570094,6448.523554868636
2018-11-09,114.6,114.75,114.14,114.48,10247619,6365.227866666656
2018-11-12,114.01,114.05,113.58,113.66,6050583,6350.391491754116
2018-11-13,113.72,113.93,113.42,113.68,6235021,6289.831622418876
2018-11-14,113.53,115.06,113.46,114.65,13418422,6006.550893118598
2018-11-15,114.83,114.99,114.56,114.76,8450656,5494.598483577921
2018-11-16,115.83,115.88,115.37,115.57,7717475,5530.669472934485
2018-11-19,115.45,115.92,115.37,115.67,6812264,5200.096306179772
2018-11-20,115.94,115.95,115.37,115.62,7668524,4529.77100488486
2018-11-21,115.94,116.35,115.7572,115.87,7629814,4447.306943078006
2018-11-23,115.76,115.88,115.585,115.74,3183021,4248.274685264663
2018-11-26,115.84,116.0053,115.53,115.63,3619530,3851.038244755244
2018-11-27,115.55,115.8502,114.6,114.94,8115590,3702.977810320785
2018-11-28,114.76,116.07,114.59,115.4,12166683,4057.5387753673895
2018-11-29,115.97,116.24,115.56,115.73,5957495,4225.080133614636
2018-11-30,115.42,115.66,115.04,115.53,6856853,4074.664711332861
2018-12-03,116.6,116.77,116.295,116.39,7901931,3924.323887688984
2018-12-04,117.37,117.39,116.931,117.07,6897089,3904.757469793894
2018-12-06,117.38,117.685,116.9186,117.12,8718927,3694.432837741249
2018-12-07,117.62,118.23,117.3627,118.08,9741059,3360.126139860142
2018-12-10,117.7,117.94,117.42,117.67,7787624,3468.063985401453
2018-12-11,117.67,117.89,117.35,117.55,5848703,3364.642978878373
2018-12-12,117.7,117.95,117.6117,117.79,3845672,3398.5317851851896
2018-12-13,117.54,117.6649,117.26,117.54,3995921,3360.8255709090936
2018-12-14,116.63,117.3,116.46,117.11,7082178,3232.93347574221
2018-12-17,117.37,118.03,117.1564,117.85,7077603,3338.174115942034
2018-12-18,117.85,118.2,117.81,118.13,6965013,3508.732186405045
2018-12-19,118.24,118.96,117.4,117.42,13617919,3748.5802930914233
2018-12-20,119.11,119.74,118.21,119.21,17255255,3923.647013258892
2018-12-21,119.19,119.25,118.57,118.74,12245580,3972.444502801114
2018-12-24,119.57,120.14,119.5497,119.99,8097950,4126.508755334276
2018-12-26,120.62,120.995,119.57,119.7,13971594,3778.980841799703
2018-12-27,120.57,120.895,120.14,120.52,11412415,3717.578827734094
2018-12-28,120.8,121.08,120.72,120.9705,6288724,3701.864110871131
2018-12-31,120.98,121.26,120.83,121.19,7825888,3756.784855129202
2019-01-02,121.35,121.75,120.88,121.3,10604650,3824.518114068432
2019-01-03,121.78,122.37,121.73,122.36,10272185,3829.362852664569
2019-01-04,121.32,121.6,120.69,121.48,11925787,3784.540473723167
2019-01-07,122.16,122.22,121.5731,121.82,6506560,4022.5247154471513
2019-01-08,121.15,121.71,121.06,121.51,6580501,4006.996387049304
2019-01-09,121.45,122.335,121.44,122.2451,9431535,4010.502662765178
2019-01-10,121.98,122.179,121.57,121.585,5862953,3792.0852799433055
2019-01-11,121.74,122.05,121.66,121.77,5720701,3636.772340730136
2019-01-14,122.15,122.24,121.87,122.08,6194035,3582.7655756207705
2019-01-15,122.28,122.38,121.62,121.855,6613050,3640.4180061349753
2019-01-16,122.04,122.44,122.02,122.22,6028580,3603.57346863468
2019-01-17,122.03,122.26,121.81,122.085,7695310,3603.1708124076818
2019-01-18,121.23,121.515,121.04,121.08,8865971,3615.1400535577623
2019-01-22,121.18,121.5,120.9,121.4,6855669,3552.0646728971906
2019-01-23,120.96,121.54,120.86,121.275,5002970,3568.968170542642
2019-01-24,121.16,121.36,120.92,121.055,5052556,3554.440264591436
2019-01-25,122.02,122.91,122.02,122.82,9681283,3556.520208816708
2019-01-28,122.75,123.27,122.7178,123.23,7210208,3437.0490320232875
2019-01-29,123.71,124.0,123.46,123.935,9087056,3397.945887640453
2019-01-30,123.91,125.07,123.7,124.6,9847144,3424.110702290076
2019-01-31,125.18,125.23,124.62,124.73,8730750,3424.3710448859447
2019-02-01,124.89,125.05,124.37,124.55,10452211,3416.629947761195
2019-02-04,123.99,124.29,123.82,124.01,5541035,3414.024439140812
2019-02-05,124.29,124.42,124.05,124.27,5849853,3419.373164956588
2019-02-06,124.16,124.1899,120.99,123.465,5630814,3371.2589051657715
2019-02-07,123.8,123.95,123.4367,123.775,5211971,3366.210661938537
2019-02-08,124.05,124.33,123.94,124.19,3981557,3455.8867182890817
2019-02-11,123.19,123.82,123.19,123.655,4051227,3595.222505559672
2019-02-12,123.96,124.03,123.61,123.885,4045136,3577.927973568282
2019-02-13,123.84,124.55,123.31,123.39,7125691,3582.0485247148235
2019-02-14,123.84,124.2,123.53,124.02,5492765,3568.8712414837278
2019-02-15,124.59,125.0,124.18,124.925,7967008,3570.4683599088894
2019-02-19,125.98,126.79,125.93,126.68,12731307,3900.8131949331423
2019-02-20,127.0,127.21,126.31,126.48,8138514,3911.0203876525447
2019-02-21,126.15,126.22,125.05,125.05,7674898,3906.5877461706855
2019-02-22,125.53,125.95,125.39,125.51,5049147,3925.780875748506
2019-02-25,125.78,125.9,125.23,125.38,4349144,3793.318516363641
2019-02-26,125.33,125.6171,125.05,125.57,4714612,3799.620190895742
2019-02-27,125.17,125.226,124.4,124.7,7313008,3795.054684287817
2019-02-28,124.71,124.71,123.98,123.99,6806371,3810.51224087592
2019-03-01,123.48,123.96,121.87,121.88,14842051,3813.6081495468234
2019-03-04,121.56,121.85,121.18,121.56,8873334,3723.550527488858
2019-03-05,121.38,121.73,121.03,121.72,6239584,3769.234814534443
2019-03-06,121.43,121.64,121.26,121.62,4540405,3839.464174980808
2019-03-07,121.27,121.71,121.18,121.5,5251780,3861.377774545456
2019-03-08,122.7,122.89,122.37,122.83,9752354,3872.0247301349273
2019-03-11,122.52,122.54,121.92,122.24,6033174,3862.935305810395
2019-03-12,122.54,123.03,122.4,122.98,5585010,3847.332863534677
2019-03-13,123.56,123.88,123.425,123.84,6555367,3852.977484025564
2019-03-14,122.33,122.545,122.12,122.42,6081972,3850.2366177606114
2019-03-15,123.27,123.4,122.9132,122.97,9515034,3878.52215536938
2019-03-18,123.3,123.3998,122.89,123.04,6050864,3969.003053097341
2019-03-19,123.64,123.67,123.34,123.39,5526077,3977.0320787746255
2019-03-20,123.66,124.42,122.65,124.17,10438479,3996.02295069904
2019-03-21,124.36,124.37,123.11,123.68,6878129,4005.2460706401703
2019-03-22,123.93,124.22,123.73,123.97,5270361,3981.797916355488
2019-03-25,124.56,125.11,124.4801,124.91,6771755,3949.1781067251545
2019-03-26,124.48,124.51,124.07,124.3,4728652,3908.2768026706353
2019-03-27,124.35,124.375,123.56,123.65,6200837,3994.120871428558
2019-03-28,122.28,122.355,121.705,121.9,10563009,4009.163718411551
2019-03-29,122.64,122.75,122.01,122.02,6158645,4058.038121827415
2019-04-01,122.4,122.43,121.46,121.53,5269207,4125.61276978417
2019-04-02,121.72,122.01,121.68,121.98,3604064,4649.502470341942
2019-04-03,121.73,122.01,121.675,121.8,4188826,5038.558554551768
2019-04-04,121.1,122.24,120.96,122.11,6970296,4971.633903966586
2019-04-05,121.88,122.13,121.6633,121.988,4655454,4980.822742616037
2019-04-08,122.97,123.0199,122.4,122.55,3699151,5241.428588399726
2019-04-09,123.26,123.35,123.03,123.16,4276925,5221.325315126046
2019-04-10,123.22,123.77,123.19,123.52,6335739,5270.957697740115
2019-04-11,122.54,122.75,121.79,121.96,8905821,5129.929832985389
2019-04-12,121.96,122.31,121.8,121.82,4516905,5047.625120226302
2019-04-15,121.2,121.82,121.095,121.6,4014677,5121.366408602157
2019-04-16,120.38,120.63,120.19,120.51,8795128,5099.128106169298
2019-04-17,120.46,120.51,120.195,120.31,4369362,5218.703792613632
2019-04-18,120.24,120.54,120.15,120.39,3663429,5263.958510638303
2019-04-22,120.46,120.5,120.27,120.37,2022767,5317.893825838686
2019-04-23,119.67,120.2,119.55,120.11,4508562,5533.129550877196
2019-04-24,120.06,120.72,120.04,120.455,3687410,5487.845385164065
2019-04-25,120.72,121.0962,120.5,120.59,4367063,5422.897686882936
2019-04-26,121.26,121.67,121.2199,121.36,5227341,5149.725794979083
2019-04-29,120.88,120.91,120.665,120.83,3144854,5154.434383954149
2019-04-30,120.89,121.36,120.85,121.2,4603936,5199.923757916961
2019-05-01,121.03,121.55,120.18,120.41,11653770,5303.609169649246
2019-05-02,119.69,120.11,119.54,119.95,5846455,5361.462391767229
2019-05-03,120.56,121.08,120.475,120.66,7598313,5618.357134831458
2019-05-06,120.61,121.12,120.54,120.83,3003929,5656.317295597482
2019-05-07,121.02,121.42,120.9067,121.23,3440203,5863.622200557104
2019-05-08,121.54,121.54,120.77,120.9,4002554,5844.081910426869
2019-05-09,120.96,121.62,120.86,121.2,4731523,6047.357390090717
2019-05-10,121.41,121.73,121.3,121.4,4207719,6290.680201809323
2019-05-13,122.63,122.85,122.325,122.67,8530120,7410.074296657393
2019-05-14,122.6,122.66,122.12,122.44,5273128,7993.158020833342
2019-05-15,122.71,122.765,122.2199,122.36,9938430,8054.80577777778
2019-05-16,122.03,122.0734,121.19,121.5,6008117,7993.675621959703
2019-05-17,121.03,121.06,120.33,120.65,6230843,7263.197819444444
2019-05-20,120.51,120.74,120.42,120.65,4008046,7906.786629603898
2019-05-21,120.08,120.35,119.83,120.35,3594073,7953.01379694019
2019-05-22,120.35,120.5,120.19,120.24,2945870,7890.870847810981
2019-05-23,120.82,121.52,120.77,121.17,5323977,7703.489547983316
2019-05-24,121.13,121.31,120.89,121.29,1901384,7983.823395833333
2019-05-28,120.8,120.84,120.46,120.81,3179359,8726.058610145932
2019-05-29,121.11,121.26,120.745,120.86,3459080,8646.49276388888
2019-05-30,120.96,121.69,120.8,121.68,6720004,8631.68847916668
2019-05-31,122.55,123.4,122.315,123.33,13365610,8350.288833333312
2019-06-03,124.09,125.34,123.9,125.11,12548769,8530.975041724618
2019-06-04,124.88,125.42,124.61,125.18,6530585,7850.039336626668
2019-06-05,126.18,126.37,125.24,125.45,6357852,7771.930013898531
2019-06-06,125.93,126.45,125.8,125.89,4986463,7751.1627916666675
2019-06-07,126.79,127.2,126.32,126.59,6360474,7938.971557719053
2019-06-10,125.46,125.525,125.065,125.33,4696705,7820.196540616234
2019-06-11,124.94,125.4,124.884,125.2,4286317,7897.125170731722
2019-06-12,125.6,126.2,125.56,125.82,4870287,8036.834575208917
2019-06-13,126.03,126.77,125.9599,126.6,4715015,8170.0202779708
2019-06-14,127.21,127.63,126.26,126.56,8172819,8353.847613082817
2019-06-17,126.7,126.77,126.17,126.48,3970783,9236.652892906808
2019-06-18,127.58,127.75,126.39,127.04,9043201,9153.284433634468
2019-06-19,126.78,127.99,126.7,127.89,10145435,9148.2499791522
2019-06-20,130.41,131.49,130.185,131.12,15485099,9353.511779013188
2019-06-21,131.77,132.17,131.07,132.0,13393823,9802.451152777776
2019-06-24,132.77,134.035,132.58,133.94,16178654,10844.86733333332
2019-06-25,134.9,135.55,133.21,134.2,20491309,11314.388562500011
2019-06-26,132.99,133.55,132.41,132.97,10608072,12643.553618055552
2019-06-27,132.38,132.97,132.26,132.84,7320753,11803.958812500005
2019-06-28,133.02,133.34,132.61,133.17,6064565,11678.216726893674
2019-07-01,131.56,131.755,130.55,130.6,11268351,10687.819687499998
2019-07-02,131.27,133.63,131.16,133.38,10923517,10305.094118055564
2019-07-03,133.61,134.1,133.23,133.64,5274622,11345.892000000002
2019-07-05,131.46,132.32,130.81,132.16,9467276,11141.025522284104
2019-07-08,132.18,132.341,131.28,131.29,6249212,11794.24707724427
2019-07-09,131.43,132.1,131.1575,131.78,5823643,12514.166858929795
2019-07-10,132.94,133.87,132.35,133.82,11828796,12649.90888194444
2019-07-11,133.58,133.7,132.41,132.7,6567192,11584.54125000001
2019-07-12,132.89,133.69,132.53,133.5,4727697,11585.726550764952
2019-07-15,133.18,133.53,132.805,133.51,3204589,10419.180666666702
2019-07-16,133.18,133.3,132.13,132.385,6943428,10355.96788742183
2019-07-17,133.0,134.6,132.89,134.59,9927405,9577.303708333347
2019-07-18,133.83,136.63,133.61,136.43,16476931,10053.263270833328
2019-07-19,135.45,136.03,133.97,134.47,14903484,10473.18592334494
2019-07-22,134.56,134.82,134.32,134.46,6866019,10451.229895324494
2019-07-23,134.43,134.95,133.56,133.69,8604470,10071.790445372311
2019-07-24,134.59,134.84,133.98,134.37,5915331,9703.59890668524
2019-07-25,134.24,134.28,133.09,133.38,9527942,10018.164896602666
2019-07-26,134.24,134.29,133.59,133.63,5544741,9775.289943542708
2019-07-29,134.06,134.729,133.44,134.52,8348175,9540.430303030318
2019-07-30,134.76,135.18,134.41,134.99,8601746,9541.301009110044
2019-07-31,135.03,135.42,133.02,133.2,16971649,9858.419105520625
2019-08-01,132.42,136.43,132.305,136.42,22394456,10085.80768318214
2019-08-02,135.39,136.6,135.37,135.89,9527484,10475.835839160827
2019-08-05,137.93,138.64,137.05,137.81,15708790,11676.24778318276
2019-08-06,138.33,139.03,138.005,138.92,8404339,11758.388526754698
2019-08-07,141.28,142.47,140.88,141.04,23700796,11712.383777777764
2019-08-08,140.9,142.37,140.71,141.76,11438996,11802.458498957623
2019-08-09,141.13,142.03,140.96,141.3,8300249,11820.708334494777
2019-08-12,141.67,143.38,141.64,142.61,11491762,11395.909725738418
2019-08-13,143.17,143.285,139.35,141.75,27525332,11138.48505563282
2019-08-14,142.9,143.75,142.05,142.76,22772028,10439.720375782874
2019-08-15,142.96,144.02,142.61,143.69,12098056,10012.595601111889
2019-08-16,142.75,143.13,141.8,142.81,9819012,10231.98398051496
2019-08-19,141.33,141.79,140.85,141.0962,8716293,10616.16021739131
2019-08-20,141.77,142.255,141.6,142.22,6594933,10752.091315974636
2019-08-21,141.62,142.17,141.46,141.76,7475772,10192.31501747029
2019-08-22,141.39,141.9,141.17,141.4,6092646,10043.889769553074
2019-08-23,141.84,144.33,141.64,144.16,18532025,10262.042563380288
2019-08-26,144.35,144.97,143.91,144.19,9512512,10343.60026001406
2019-08-27,144.3,145.68,144.27,145.51,10889244,10171.264978783574
2019-08-28,145.39,145.68,144.64,145.16,8876668,10040.604767277871
2019-08-29,145.4,145.49,143.28,144.13,13234060,9517.901635220123
2019-08-30,143.84,144.8822,143.02,143.74,8106571,9532.6127080395
2019-09-03,144.96,146.13,144.741,145.74,12585721,10520.045279720272
2019-09-04,145.54,146.82,145.5,146.65,9983605,10561.06775596072
2019-09-05,144.98,145.015,142.0,143.15,17606938,10562.01784090908
2019-09-06,143.64,144.06,141.86,141.92,11269117,10657.346271067405
2019-09-09,142.37,142.46,141.18,141.39,9899059,10298.575170940145
2019-09-10,141.23,141.525,140.16,140.16,10806416,10217.832800859598
2019-09-11,140.34,141.26,140.28,141.02,6576353,10060.677847025496
2019-09-12,142.68,143.1,141.11,141.33,10439743,10217.097519434596
2019-09-13,141.73,141.99,140.06,140.16,11609214,10312.967105075046
2019-09-16,141.6,142.05,141.02,141.3,6606490,10249.697091295113
2019-09-17,141.82,142.11,141.2237,141.63,6543786,10214.85652945352
2019-09-18,141.93,142.53,139.81,140.69,13755372,10192.852584745771
2019-09-19,141.57,141.74,141.0851,141.28,6906021,9987.976918239005
2019-09-20,141.61,143.03,141.46,142.98,8803167,10172.23831056794
2019-09-23,143.22,143.94,143.07,143.76,7787229,9874.427912860168
2019-09-24,143.21,144.77,142.88,144.51,9948338,9421.382142358674
2019-09-25,144.08,144.29,141.44,141.81,10414822,8448.021395833332
2019-09-26,142.19,142.57,141.56,141.8,6721040,8249.27058577407
2019-09-27,140.35,141.68,140.16,141.04,8693680,8037.153263598325
2019-09-30,139.77,140.21,138.03,138.88,13798916,8070.564661076181
2019-10-01,138.07,140.19,137.8,139.62,10473007,8359.95440501042
2019-10-02,140.79,141.88,140.462,141.27,10190256,8255.42358831711
2019-10-03,141.36,143.25,141.29,141.91,10286203,8243.277540294306
2019-10-04,141.48,142.31,141.14,141.93,8152981,8145.511695621972
2019-10-07,141.16,141.7709,140.24,140.72,5399210,8039.444611111098
2019-10-08,142.03,142.29,141.17,141.93,9180690,8208.53052998604
2019-10-09,142.16,142.58,141.62,142.07,6140034,8337.950493398197
2019-10-10,141.59,141.66,140.578,140.82,8357269,8559.466785216155
2019-10-11,139.97,140.19,138.91,140.04,10282431,8397.59130555558
2019-10-14,140.45,140.82,140.3648,140.59,3306628,8306.796164002777
2019-10-15,140.27,140.3,139.21,139.6,8134633,8262.564996515672
2019-10-16,140.14,140.53,139.6988,140.4,8971202,8063.322694986056
2019-10-17,140.5,141.12,140.42,140.61,5232928,8031.7073221757455
2019-10-18,140.5,140.71,140.32,140.47,5873159,7962.06305555555
2019-10-21,140.72,140.76,139.6,139.8,7292770,8221.286648122374
2019-10-22,140.13,140.3,139.72,140.19,3563928,8198.71101045296
2019-10-23,140.59,141.0,140.5,140.56,3511663,7735.739508315262
2019-10-24,141.02,141.74,140.93,141.55,5869224,7448.861044568229
2019-10-25,142.79,142.83,141.4,141.87,5509253,7879.444871438504
2019-10-28,141.25,141.25,140.4004,140.67,4869995,9474.998527777754
2019-10-29,140.0,140.63,139.78,140.24,3426488,9382.782124999994
2019-10-30,140.54,141.04,139.55,141.01,6240687,9192.5762960389
2019-10-31,142.595,142.605,142.11,142.42,4189213,9172.011725817669
2019-11-01,142.21,142.9,142.01,142.58,5976220,9154.428203508753
2019-11-04,142.26,142.45,141.7446,142.15,4110929,9256.295154277695
2019-11-05,140.65,140.89,139.38,139.9,9241343,9343.039402362752
2019-11-06,140.12,140.79,140.0,140.47,5099406,9335.865901408442
2019-11-07,140.11,140.2,137.6,138.28,13485893,9238.15624472571
2019-11-08,137.73,138.33,137.39,137.39,8805077,8979.536128113847
2019-11-11,137.61,137.79,136.435,137.04,6315226,8792.664426345596
2019-11-12,137.03,137.59,136.19,137.44,5657385,8733.579235624122
2019-11-13,137.8,138.22,137.64,137.98,7786236,8747.358740377884
2019-11-14,138.39,138.94,137.8685,138.57,4729014,8655.076931659692
2019-11-15,138.03,138.4208,137.971,138.2,6590454,8539.195414634143
2019-11-18,138.44,138.85,138.3,138.64,3756438,8378.137779329603
2019-11-19,138.13,138.9716,138.13,138.71,3717955,8114.951417651149
2019-11-20,138.53,139.0,138.1,138.75,4546702,8097.609478442276
2019-11-21,138.39,138.56,137.77,138.0,3654649,7847.538466898965
2019-11-22,138.37,138.46,137.66,137.75,3198201,7342.114343293968
2019-11-25,137.32,137.62,136.99,137.06,5341591,6962.00264583333
2019-11-26,136.98,137.8,136.58,137.75,4290471,7140.498450312723
2019-11-27,137.03,137.21,136.83,137.02,3509613,7251.810083449238
2019-11-29,137.1,138.1341,137.08,137.88,3210957,7611.754926829281
2019-12-02,137.32,138.09,137.3,137.79,7484641,7309.524982480728
2019-12-03,139.04,139.57,138.97,139.14,7201526,7318.43108240224
2019-12-04,139.16,139.165,138.59,138.93,4582791,7276.115539318014
2019-12-05,138.8,139.45,138.79,139.01,4805117,7327.980285118216
2019-12-06,137.76,137.8262,137.4,137.59,5964919,7404.394382414525
2019-12-09,137.8,137.81,137.45,137.59,2442994,7460.619754385968
2019-12-10,138.25,138.33,137.74,137.96,2862497,7300.159686847589
2019-12-11,138.2,139.3,138.1201,138.93,5417228,7210.243534785655
2019-12-12,139.78,139.85,137.88,138.44,7860003,7171.960988086896
2019-12-13,138.52,139.21,137.98,139.08,5210465,7226.567960618856
2019-12-16,139.2,139.39,138.8,139.05,4188010,7032.384144460034
2019-12-17,139.02,139.3,138.851,139.01,3959964,6789.913400837997
2019-12-18,138.86,139.25,138.81,139.0,3256070,6770.714243055562
2019-12-19,139.04,139.55,138.87,139.33,4236363,7147.46544822793
2019-12-20,139.37,139.4451,138.98,139.16,3954112,7150.495325858433
2019-12-23,139.53,139.96,139.53,139.94,4404032,7503.4340516039
2019-12-24,140.44,141.33,140.43,141.25,4790499,7296.075943859643
2019-12-26,142.06,142.47,141.9062,142.4,7531371,7220.866718639273
2019-12-27,142.26,142.73,142.17,142.32,4248977,7191.506624383366
2019-12-30,142.56,142.8,142.46,142.66,4244298,7297.854109014699
2019-12-31,143.31,143.605,142.8,142.93,4816090,7198.663852112673
2020-01-02,143.86,144.21,143.4,143.94,6985296,7072.191812456262
2020-01-03,145.75,146.32,145.4,145.89,11001537,7217.845443126311
2020-01-06,148.44,148.48,146.95,147.42,13283004,7533.585927221822
2020-01-07,147.57,148.14,147.43,148.01,7092385,7929.412230715767
2020-01-08,148.49,148.61,146.14,146.87,19629024,8235.208525730177
2020-01-09,146.07,146.41,145.44,146.01,9055922,7898.202884078205
2020-01-10,146.22,146.99,146.17,146.92,5368957,7887.707341684052
2020-01-13,146.35,146.38,145.78,145.8,5870244,8102.222749476622
2020-01-14,145.42,145.81,145.082,145.68,5943597,8574.334854166676
2020-01-15,146.21,146.73,145.82,146.53,5309372,8743.136027777775
2020-01-16,146.27,146.4658,145.755,146.3,5135496,8673.162995135495
2020-01-17,146.51,146.99,146.31,146.6,9857401,8852.235104166672
2020-01-21,145.77,146.86,145.551,146.73,10735296,8645.604819193319
2020-01-22,146.68,146.81,146.38,146.77,7359840,8665.453755215573
2020-01-23,147.0,147.62,146.62,147.11,14098738,8435.653351916366
2020-01-24,146.9,148.38,146.89,147.97,18193358,8383.171906750174
2020-01-27,149.24,149.32,148.4575,148.99,7596186,8722.594557491293
2020-01-28,148.36,148.56,147.53,147.69,5878344,9041.050729673389
2020-01-29,147.7,148.56,147.61,148.47,4101232,9330.04275000001
2020-01-30,148.69,149.31,148.01,148.45,7662412,9369.692439193876
2020-01-31,148.88,149.68,148.81,149.37,11922057,9341.253909722216
2020-02-03,148.66,148.78,147.6802,148.37,7979634,9329.26867963865
2020-02-04,146.97,147.03,145.8,146.41,8934024,9202.141208333333
2020-02-05,146.38,146.81,146.16,146.57,5169172,9401.300271398764
2020-02-06,147.28,147.63,147.0,147.41,3985062,9687.489340277789
2020-02-07,147.83,148.18,147.335,147.77,5428296,9775.785979166689
2020-02-10,148.21,148.4464,147.91,148.15,4186331,9920.90227777778
2020-02-11,148.03,148.16,147.01,147.67,4581944,9956.520090340542
2020-02-12,147.42,147.81,147.1567,147.53,4133308,10342.78187499999
2020-02-13,148.24,148.58,147.9501,148.37,5046834,10284.806888888874
2020-02-14,148.74,149.13,148.63,148.98,4712277,10260.13227083332
2020-02-18,149.88,151.09,149.47,150.88,10204151,9845.014822793615
2020-02-19,151.0,151.82,150.815,151.82,7790138,10098.332105628897
2020-02-20,152.0,152.83,151.95,152.43,7699117,9581.628520833328
2020-02-21,154.43,155.2219,154.18,154.67,15327704,9688.954266851975
2020-02-24,158.5,158.53,155.36,156.15,23734795,9734.386838082011
2020-02-25,155.12,156.08,152.91,153.33,23022058,9489.186157053522
2020-02-26,153.82,155.28,152.9,153.95,14820187,9032.84789583332
2020-02-27,155.58,156.27,153.9,154.04,24211897,8795.39149305555
2020-02-28,152.71,152.77,147.05,148.515,37798725,8697.951965277776
2020-03-02,150.0,150.73,149.04,149.19,14182986,8746.59254166666
2020-03-03,150.84,155.24,150.735,153.93,26072820,8790.05220291869
2020-03-04,154.4,154.96,153.7,154.18,10611044,8760.307199444065
2020-03-05,156.06,157.62,155.72,157.48,16148310,9019.141243919392
2020-03-06,158.33,159.25,154.54,157.55,24213596,9097.39799861014
2020-03-09,158.29,159.37,156.33,157.89,21043909,7881.430569444436
2020-03-10,156.18,156.41,154.39,154.46,16414585,7947.440965948572
2020-03-11,156.25,156.5,153.62,153.93,15252107,7849.286750173964
2020-03-12,151.53,151.55,146.85,147.85,29366070,6666.839097222216
2020-03-13,149.42,149.6,141.58,143.34,31717751,5295.343312500004
2020-03-16,137.56,142.96,136.12,141.96,20842369,4985.268060224091
2020-03-17,140.18,146.2,139.93,143.85,22230975,5313.512569832397
2020-03-18,141.75,142.88,138.5,140.69,17484716,5285.533815881939
2020-03-19,139.08,140.5,137.8503,138.07,19060334,5765.065430183361
2020-03-20,140.71,141.17,139.14,140.09,18703822,6361.588539482874
2020-03-23,142.675,146.93,142.28,146.3,26688832,6105.651800418696
2020-03-24,153.35,155.66,152.05,153.36,19389697,6652.867949790785
2020-03-25,152.58,152.878,151.01,151.3,15343932,6661.981901114193
2020-03-26,153.3,154.81,152.08,153.37,11219031,6671.632801120445
2020-03-27,153.0,153.55,152.0,152.28,8746021,6691.688261173169
2020-03-30,152.41,153.08,151.57,152.9,10521891,6273.833572923934
2020-03-31,151.36,151.8,147.97,148.05,11753175,6451.2255610444645
2020-04-01,148.2,150.08,147.85,149.51,11344594,6308.240070323484
2020-04-02,151.2,152.5,150.7,151.86,8449237,6724.2111929824605
2020-04-03,152.23,153.09,151.66,152.74,7694719,6814.590845771148
2020-04-06,154.16,157.22,153.96,156.89,13396343,7091.76361403509
2020-04-07,155.33,156.14,154.38,156.05,8459669,7317.996461107212
2020-04-08,155.91,155.94,154.59,154.65,7134900,7302.414809859152
2020-04-09,158.08,159.07,157.21,158.59,16965759,7304.862432239646
2020-04-13,159.17,162.38,158.625,161.42,18780147,6751.776274647892
2020-04-14,162.73,164.42,161.78,162.66,15843321,6884.55678242381
2020-04-15,161.8,162.54,160.8061,162.08,11300568,6798.842293777127
2020-04-16,161.88,163.15,160.65,161.71,8811830,6914.345923566886
2020-04-17,159.72,160.07,158.12,158.555,13829502,7072.234602150543
2020-04-20,158.62,160.22,158.46,159.68,8958027,7050.542267235258
2020-04-21,157.6,159.21,157.04,158.62,11754116,6867.164540889542
2020-04-22,160.5,161.71,160.42,161.665,11942891,7006.080787518571
2020-04-23,162.39,163.6,161.84,163.11,12735714,7303.831104565534
2020-04-24,163.13,163.31,160.89,162.69,10414839,7521.587153179194
2020-04-27,161.88,162.0,160.41,161.61,8610479,7715.57923988842
2020-04-28,160.89,160.98,159.16,160.8,9773643,7730.907920168073
2020-04-29,160.1,161.85,159.76,161.725,11458200,8245.85659707725
2020-04-30,160.22,160.82,158.13,158.66,12509813,8894.666194444444
2020-05-01,158.0,160.45,157.8,159.73,10553977,8784.424566433556
2020-05-04,160.33,160.95,159.91,160.34,7665709,8772.431708333328
2020-05-05,160.16,161.1,159.33,160.97,10207612,8930.785366364262
2020-05-06,158.99,159.81,158.1,159.0,12091560,9163.711513665032
2020-05-07,159.5,161.96,159.36,161.44,13113038,9492.229860041973
2020-05-08,161.08,162.0,160.0,160.46,11086002,9925.151001390825
2020-05-11,160.34,160.71,158.89,159.47,10063978,8706.98018093251
2020-05-12,160.3,160.95,159.72,160.115,9619743,8774.025598052847
2020-05-13,160.94,161.62,160.54,161.53,10200468,9045.67518466898
2020-05-14,161.53,163.34,161.51,163.01,16475916,9577.056877607803
2020-05-15,164.02,164.8,163.08,163.91,13398020,9524.00060500696
2020-05-18,164.33,164.495,162.4102,162.7,13227036,9721.706638830894
2020-05-19,163.6,164.43,163.04,164.28,8176489,9670.068345021034
2020-05-20,164.54,164.9599,163.89,164.62,10033895,9670.769164897396
2020-05-21,163.46,163.58,161.37,162.24,11241773,9279.54816596932
2020-05-22,162.88,163.47,162.74,163.22,8074586,9124.488633144469
2020-05-26,162.58,162.58,160.69,160.86,13348070,8859.118005617967
2020-05-27,159.42,161.34,159.2,161.18,12182243,9029.616404255316
2020-05-28,162.12,162.4598,160.9,161.72,9079259,9320.896996491238
2020-05-29,162.58,163.4,162.32,162.88,9707900,9453.941935256868
2020-06-01,162.9235,163.74,162.39,163.68,7706138,9584.502119298237
2020-06-02,163.89,164.08,161.86,162.58,9998617,9880.33050174216
2020-06-03,160.34,160.89,158.82,159.57,16429837,9551.585229034545
2020-06-04,161.14,161.87,159.84,161.2916,9547066,9700.1928073916
2020-06-05,158.72,158.72,157.035,158.01,15471836,9742.012951167724
2020-06-08,158.9,159.8599,158.47,159.7,8429397,9725.02844332855
2020-06-09,161.1,161.775,160.87,161.21,8408067,9712.420035335675
2020-06-10,162.1,163.63,160.52,163.56,12227143,9788.10898414984
2020-06-11,163.35,164.06,161.9701,162.41,10967867,9640.021901060063
2020-06-12,163.41,163.88,163.11,163.47,2139264,9411.328173483796
2020-06-15,160.52,162.56,160.16,162.3211,7974381,9244.40258560447
2020-06-16,161.85,162.685,161.36,162.34,6579959,9493.354269503552
2020-06-17,162.0,162.62,161.77,162.58,4382992,9442.563002812938
2020-06-18,162.1965,162.32,161.44,162.17,4839794,9406.275592151358
2020-06-19,162.87,164.09,162.78,164.015,11159456,9326.540507042251
2020-06-22,165.06,165.73,164.41,165.08,11094965,9482.237236467232
2020-06-23,165.63,166.52,165.52,166.45,10912307,9638.329163688337
2020-06-24,166.01,166.99,165.45,165.94,10155217,9437.052444918269
2020-06-25,165.89,165.91,165.16,165.8,6468016,9231.626511954972
2020-06-26,164.87,166.56,164.22,166.54,9171474,9180.755272084809
2020-06-29,166.56,166.8,166.18,166.62,6311734,9115.890969568312
2020-06-30,166.31,167.9906,166.185,167.36,11847019,9150.707819225265
2020-07-01,167.05,167.06,165.34,166.58,11465908,9191.803134751768
2020-07-02,166.2,167.24,166.02,166.95,8099731,9166.009570508231
2020-07-06,167.75,168.0,167.1901,167.97,6645621,9215.8534801762
2020-07-07,167.41,169.0,167.38,168.99,10739093,9268.74553701015
2020-07-08,170.32,170.8558,169.7827,170.06,11299151,9346.527185929648
2020-07-09,170.48,170.635,168.78,169.59,12696875,9327.35558224163
2020-07-10,169.95,170.15,168.57,169.16,7779928,9200.158515850151
2020-07-13,170.29,170.42,169.16,169.355,9650767,9278.217359591536
2020-07-14,168.97,170.2,168.8141,170.17,8023189,9219.730954738332
2020-07-15,169.62,170.43,169.39,170.36,8345283,9221.22888809181
2020-07-16,169.8,169.995,168.69,168.72,9770820,9130.464550682957
2020-07-17,169.94,170.27,169.605,170.15,9753327,9134.617539797408
2020-07-20,170.76,171.07,170.27,170.93,8697837,9177.360763081417
2020-07-21,172.53,173.25,172.31,173.03,11779221,9308.56760113554
2020-07-22,174.05,175.77,173.76,175.62,27256757,9365.971062138718
2020-07-23,176.17,178.41,175.65,177.21,30108333,9540.928651292805
2020-07-24,179.14,179.16,178.2,178.76,28955364,9557.087779329604
2020-07-27,181.85,182.83,181.53,182.21,19925373,10436.06446764091
2020-07-28,182.02,184.26,181.42,183.76,31214657,10985.538673611116
2020-07-29,184.0089,186.14,182.39,185.08,49053484,11096.17937282228
2020-07-30,183.44,184.33,182.13,183.76,33537169,11033.428662020886
2020-07-31,184.51,185.7501,184.165,185.47,29738803,11196.249071229053
2020-08-03,185.05,185.82,184.2,185.67,18338875,11254.857182901176
2020-08-04,185.61,189.6,185.21,189.54,38753979,11242.87855749128
2020-08-05,191.65,193.13,190.62,191.35,50998334,11464.595898328693
2020-08-06,193.74,194.4499,192.5207,193.85,39360266,11755.25727777778
2020-08-07,192.705,192.96,189.33,190.8,44840422,11716.125097629008
2020-08-10,192.38,192.61,189.66,190.16,26976165,11898.78271716468
2020-08-11,183.5739,183.98,179.43,179.98,80594757,11631.866736256075
2020-08-12,182.61,183.1,179.04,179.14,50990796,11462.426594857554
2020-08-13,181.56,184.7,181.36,183.35,16985769,11550.403983228509
2020-08-14,183.44,183.72,181.49,182.54,10910411,11754.636448467963
2020-08-17,184.69,187.01,184.66,186.46,27671944,12055.46669225401
2020-08-18,189.18,189.4,185.63,188.21,30623680,12163.661834607356
2020-08-19,187.21,187.46,181.71,182.25,44159497,11796.84886805557
2020-08-20,181.19,183.71,180.93,183.43,29413177,11798.23544374564
2020-08-21,182.14,182.81,180.47,182.03,22893001,11743.623474635157
2020-08-24,182.91,182.925,180.685,181.0,21359176,11733.039943820204
2020-08-25,181.06,181.25,179.731,181.24,19303212,11506.000786516865
2020-08-26,180.26,183.58,180.2,183.4,22678033,11404.290539513677
2020-08-27,185.0,185.17,179.37,181.28,29104479,11345.064724738664
2020-08-28,183.98,185.4,183.4046,184.39,24327324,11441.888355493338
2020-08-31,184.79,185.53,184.28,184.83,17017146,11684.012938718666
2020-09-01,186.99,186.99,184.33,185.01,19986743,11873.888121085582
2020-09-02,183.75,183.86,181.5,182.62,22028104,11576.04822546972
2020-09-03,182.3,182.82,180.49,181.14,20753982,11038.64232800556
2020-09-04,180.95,182.1,180.05,181.67,20784230,10391.216729166674
2020-09-08,179.5,182.27,179.02,181.32,25402394,10146.406606018194
2020-09-09,182.5,183.22,182.19,183.02,14191348,10187.375799023026
2020-09-10,184.5,184.68,182.28,182.42,14038803,10338.76086350976
2020-09-11,183.14,183.5499,182.005,182.42,13376137,10302.451926029304
2020-09-14,183.57,184.3,183.39,183.86,14792820,10510.768186889833
2020-09-15,184.46,184.67,182.92,183.47,7446791,10773.396181818189
2020-09-16,184.98,185.01,183.33,183.95,11812641,10894.449581297968
2020-09-17,181.92,183.09,181.48,182.97,7894844,10892.091519163758
2020-09-18,183.07,184.09,182.64,183.17,8278178,10924.656466060174
2020-09-21,179.84,180.29,176.75,179.49,15877761,10676.138519805414
2020-09-22,179.63,180.02,178.11,178.63,6921558,10467.334437412084
2020-09-23,176.98,177.26,174.1,174.79,16625468,10428.706035901292
2020-09-24,174.36,176.235,173.77,175.43,10467180,10446.899131693215
2020-09-25,174.41,175.3,173.89,174.94,6064097,10670.77799016164
2020-09-28,175.83,176.805,175.09,176.68,6358864,10878.164911410351
2020-09-29,177.18,178.33,176.95,178.21,7701378,10729.145419901204
2020-09-30,177.71,178.61,176.66,177.15,7731431,10740.824488795506
2020-10-01,178.69,179.5,178.0375,178.69,9450118,10755.182114445222
2020-10-02,178.71,179.29,178.16,178.52,6496476,10528.248630328457
2020-10-05,179.02,180.14,178.9,179.39,6323683,10704.898215297457
2020-10-06,180.16,180.37,177.0513,177.25,7880350,10698.692988668576
2020-10-07,177.09,177.42,176.43,177.2,5923907,10620.617205574918
2020-10-08,178.18,178.45,176.67,177.87,6151831,10733.89141858839
2020-10-09,180.13,181.17,179.93,181.08,12089395,10982.801467696612
2020-10-12,180.57,180.83,180.19,180.56,4526944,11446.934834156678
2020-10-13,178.57,178.6,177.1,177.7,7450085,11449.585588442573
2020-10-14,179.09,179.59,178.27,178.27,8428093,11404.985887384146
2020-10-15,177.71,179.15,177.59,178.94,6331875,11414.413592982448
2020-10-16,179.22,179.32,178.13,178.3,6711697,11364.46289013295
2020-10-19,179.41,179.475,178.37,178.38,4931643,11586.799648866132
2020-10-20,178.54,179.67,178.08,179.25,6527165,11845.171932536896
2020-10-21,180.47,181.31,180.23,180.65,6168537,12458.802237665035
2020-10-22,178.8767,179.027,177.72,178.85,7587081,12932.71953942778
2020-10-23,179.09,179.2,177.76,178.66,5459367,12932.833653576434
2020-10-26,178.75,179.14,178.22,178.54,4679896,13066.990840395489
2020-10-27,178.71,179.43,178.51,179.06,5314088,13367.666626506016
2020-10-28,176.45,176.85,175.44,176.13,9886564,13444.672013888903
2020-10-29,175.02,176.14,174.83,175.41,7153390,13330.552682418343
2020-10-30,177.18,177.36,175.95,176.2,6720803,13435.480243562974
2020-11-02,177.4499,177.925,177.1301,177.9,6065736,13596.53758885018
2020-11-03,178.95,179.39,178.3,178.92,6776879,13612.539318023648
2020-11-04,178.93,179.19,177.66,178.81,9843659,13899.351540069692
2020-11-05,181.0,183.285,180.97,182.92,14794385,14730.297819444442
2020-11-06,183.4,183.53,182.19,183.21,8253934,15583.427131944436
2020-11-09,176.42,176.45,173.64,175.09,27627104,15382.007395833329
2020-11-10,176.75,176.91,175.66,175.69,10023286,15326.58733842944
2020-11-11,174.695,175.28,174.435,174.9,8365257,15593.253090277782
2020-11-12,176.04,176.765,175.84,175.97,6700762,15928.37055555556
2020-11-13,177.65,177.8,176.84,177.09,5312692,16291.368457261991
2020-11-16,177.23,177.91,177.0071,177.13,4623188,16372.568790826968
2020-11-17,177.26,177.44,176.0903,176.48,7534461,17083.98220986796
2020-11-18,176.26,176.86,175.35,175.5,6909492,17885.349777777792
2020-11-19,174.3,175.22,174.17,175.16,6103005,17843.96600000001
2020-11-20,176.14,176.38,175.58,175.72,5677492,18336.945409722244
2020-11-23,175.1,175.24,171.78,172.23,14880096,18448.21428472224
2020-11-24,169.3,169.69,168.86,169.59,18082925,18862.4248472222
2020-11-25,169.98,170.52,169.24,169.51,9336408,19056.251527777757
2020-11-27,166.9,167.8298,166.78,167.77,17716783,16988.058152777754
2020-11-30,166.68,167.43,166.03,166.6839,12287216,18913.976073662263
2020-12-01,169.76,170.48,169.3,170.2,12505735,19266.27188888889
2020-12-02,170.57,171.76,170.15,171.49,8239196,18953.72780555558
2020-12-03,172.64,172.85,171.08,172.8,9454964,19283.06943750003
2020-12-04,172.78,173.32,171.59,172.31,8689056,19122.892763888904
2020-12-07,172.56,175.29,172.51,174.86,9662554,19199.308979166675
2020-12-08,175.51,175.93,174.72,175.5,5245184,18942.53320833334
2020-12-09,173.92,174.0399,171.24,172.455,10064071,18266.17218055557
2020-12-10,172.9,173.58,171.7,172.19,6232399,18303.671062500016
2020-12-11,172.25,173.32,172.11,172.51,5829723,17937.385948575393
2020-12-14,171.91,172.52,170.91,171.51,6830086,19161.38358831709
2020-12-15,173.43,173.9799,173.055,173.96,6451811,19352.301965277773
2020-12-16,174.13,175.015,173.02,174.89,7853341,20078.06315972224
2020-12-17,177.15,177.87,176.575,176.74,8976438,22617.5111111111
2020-12-18,176.65,176.98,176.1,176.43,6226077,22885.101944444446
2020-12-21,176.29,176.94,175.76,175.92,7163909,23260.266847222225
2020-12-22,176.2,176.34,174.34,174.59,7792459,23097.916520833314
2020-12-23,175.1,176.21,175.06,175.67,5710473,23530.75113194445
2020-12-24,175.55,176.37,175.5145,176.32,3334096,23218.052104166676
2020-12-28,177.26,177.91,175.625,175.75,7493794,26965.14680555556
2020-12-29,176.25,176.97,175.57,176.33,5643264,26670.904930555556
2020-12-30,176.44,177.72,176.44,177.69,5158449,28142.40578472227
2020-12-31,178.07,178.4,177.32,178.37,6851607,28882.0106527778
2021-01-04,181.97,182.4,180.955,182.31,13394205,31856.172236111117
2021-01-05,182.87,183.21,181.8239,182.87,11635641,32274.5510416666
2021-01-06,181.49,181.58,178.24,179.9,17394010,34907.6035763889
2021-01-07,179.69,179.92,178.84,179.46,6767587,38071.50588194442
2021-01-08,176.83,176.9899,171.48,173.32,23032300,39811.63969444446
2021-01-11,172.14,173.68,172.03,173.0,7545031,34280.3600833333
2021-01-12,173.13,174.18,172.32,174.07,9326911,34842.902916666666
2021-01-13,173.68,174.46,173.05,173.37,12811187,34676.476208333355
2021-01-14,173.44,174.22,172.655,173.24,11344351,38511.56284027777
2021-01-15,172.8437,173.07,170.975,171.15,14531685,37473.23557638887
2021-01-19,172.71,172.85,171.92,172.58,6669222,36860.6980208333
2021-01-20,174.37,175.467,173.82,175.38,7204517,35155.446069444464
2021-01-21,175.11,175.51,174.51,175.26,4969523,32953.418472222176
2021-01-22,172.89,174.29,172.35,173.89,6402975,31861.926618055564
2021-01-25,174.8199,174.96,173.19,174.05,5081366,33351.57297916666
2021-01-26,173.98,174.26,173.4202,173.61,4274476,31997.1775347222
2021-01-27,172.93,173.52,171.66,172.53,8570059,31147.48292361112
2021-01-28,174.28,174.73,172.04,172.69,8791153,31793.18845138885
2021-01-29,174.87,175.1633,172.67,172.72,9880228,35054.10393749995
2021-02-01,175.02,175.26,174.06,174.24,8518516,33706.71983333338
2021-02-02,172.49,172.53,171.51,172.14,6288011,34713.210215277795
2021-02-03,172.36,172.5901,171.5,171.81,4026179,36572.60330555552
2021-02-04,168.29,168.395,167.34,168.13,12495716,37541.27581944446
2021-02-05,168.99,170.18,168.67,169.81,6103735,37631.47783031989
2021-02-08,171.9799,172.4,171.49,171.5,6363135,41199.29621001397
2021-02-09,172.57,173.03,171.75,172.1,4769447,46685.85413888886
2021-02-10,173.15,173.22,172.01,172.74,5622433,45801.33204166663
2021-02-11,172.7,172.871,170.71,171.22,5748731,46275.11795833333
2021-02-12,170.29,171.65,169.88,170.71,5563128,47605.61129861115
2021-02-16,168.14,170.065,167.73,168.26,12528268,48847.63237500002
2021-02-17,166.92,167.34,165.85,166.32,10699567,50915.20470833327
2021-02-18,166.98,167.3,165.73,166.32,6943475,51896.39333333322
2021-02-19,166.76,167.94,166.6,167.0,7484278,53087.15995138892
2021-02-22,168.54,169.89,168.3,169.47,9253534,54711.72528472231
2021-02-23,169.48,169.74,168.28,169.12,8237885,48970.210826388895
2021-02-24,167.65,169.14,167.15,168.98,8205560,49801.36047222218
2021-02-25,166.92,167.66,165.45,165.82,15434666,49988.0001737318
2021-02-26,165.0,165.1,160.95,161.8,21842955,46661.63153472222
2021-03-01,163.03,163.35,161.16,161.55,13008774,47644.668373870685
2021-03-02,161.93,162.925,161.22,162.4,10845816,48621.249861111086
2021-03-03,160.61,161.69,159.485,160.63,12613526,50432.27509040337
2021-03-04,160.6,161.455,158.43,159.04,13126181,49402.11033333333
2021-03-05,159.66,159.82,158.55,159.12,10109444,47719.097583333365
2021-03-08,158.58,158.74,157.1297,157.49,11468831,50799.47248088959
2021-03-09,160.75,161.2521,160.415,160.83,9570542,53981.034812500046
2021-03-10,161.06,161.78,160.66,161.66,7409215,55377.40217663424
2021-03-11,161.47,161.98,161.12,161.51,6074490,56273.48009728992
2021-03-12,159.54,161.69,159.35,161.48,7963595,56828.65870833342
2021-03-15,162.305,162.55,161.43,162.2,7404523,57512.06299721835
2021-03-16,162.36,163.2,161.81,162.36,7298797,55343.69708333334
2021-03-17,162.268,164.15,161.48,163.53,11646477,56161.32444753301
2021-03-18,161.15,162.82,161.11,162.57,8310784,58475.45890820588
2021-03-19,162.56,163.43,162.4299,163.27,6006842,58286.613419040914
2021-03-22,162.27,163.13,162.16,163.01,4061241,56789.43246870655
2021-03-23,162.45,162.49,161.592,161.82,5638076,54706.29185416655
2021-03-24,162.21,162.89,161.94,162.36,5433009,55126.80946191476
2021-03-25,163.0599,163.5799,161.32,161.81,7846248,52125.75925642804
2021-03-26,161.71,162.73,161.6499,162.27,4869138,53243.12445448231
2021-03-29,161.46,161.52,159.83,160.35,7560223,56915.62999303624
2021-03-30,157.94,158.2,157.55,157.565,7388137,58349.35708710802
2021-03-31,158.06,160.68,158.05,160.01,10089412,58778.18
